{
  "student_model": "./models/synergy-small",
  "teacher_model": "nferruz/ProtGPT2",
  "compression_ratio": 9.449465732832039,
  "teacher_perplexity": 4813.213748042385,
  "student_perplexity": 33954.61186029695,
  "perplexity_ratio": 7.054457507545112,
  "kl_divergence": 1.6859704943468972,
  "teacher_generation": {
    "num_sequences": 100,
    "avg_length": 228.31,
    "std_length": 54.47103725834492,
    "min_length": 32,
    "max_length": 287,
    "aa_distribution": {
      "R": 0.06167053567517849,
      "C": 0.012351627173579781,
      "G": 0.07253295957251106,
      "H": 0.019753843458455607,
      "Q": 0.035259077569970654,
      "Y": 0.03096666812666988,
      "K": 0.052384915246813546,
      "N": 0.040077088169593975,
      "F": 0.04038368884411546,
      "I": 0.05685252507555517,
      "E": 0.05715912575007665,
      "A": 0.09618501160702554,
      "P": 0.05137751303052867,
      "M": 0.021024046252901756,
      "T": 0.057027725460996014,
      "V": 0.06031273268801191,
      "L": 0.09876921729227804,
      "S": 0.0704743550435811,
      "D": 0.05212211466865227,
      "W": 0.013315229293504446
    },
    "kl_from_natural": 0.005952528619816112
  },
  "student_generation": {
    "num_sequences": 100,
    "avg_length": 226.33,
    "std_length": 39.30828284216954,
    "min_length": 72,
    "max_length": 290,
    "aa_distribution": {
      "R": 0.060884549109707066,
      "C": 0.013387531480581452,
      "G": 0.077895108911766,
      "H": 0.02076613794017585,
      "Q": 0.03755578138116909,
      "Y": 0.026554146600097202,
      "K": 0.04630406927937083,
      "N": 0.04029514425838378,
      "F": 0.03247470507665798,
      "I": 0.05213626121150532,
      "E": 0.0607078160208545,
      "A": 0.10210754208456678,
      "P": 0.062298413820527546,
      "M": 0.017761675429682322,
      "T": 0.06349136217028233,
      "V": 0.06039853311536252,
      "L": 0.08898511023726417,
      "S": 0.07228383334069721,
      "D": 0.05416869173330977,
      "W": 0.009543586798038262
    },
    "kl_from_natural": 0.012187381587567422
  },
  "teacher_ece": {
    "ece": 0.1484469807227001,
    "mce": 0.9948300719261169,
    "n_samples": 528,
    "overall_accuracy": 0.06818182021379471,
    "overall_confidence": 0.18599949777126312,
    "bin_stats": [
      {
        "bin_lower": 0.0,
        "bin_upper": 0.1,
        "count": 344,
        "avg_confidence": 0.03741997480392456,
        "avg_accuracy": 0.011627906933426857,
        "calibration_error": 0.025792067870497704
      },
      {
        "bin_lower": 0.1,
        "bin_upper": 0.2,
        "count": 68,
        "avg_confidence": 0.14255201816558838,
        "avg_accuracy": 0.11764705926179886,
        "calibration_error": 0.02490495890378952
      },
      {
        "bin_lower": 0.2,
        "bin_upper": 0.30000000000000004,
        "count": 24,
        "avg_confidence": 0.2628907561302185,
        "avg_accuracy": 0.0,
        "calibration_error": 0.2628907561302185
      },
      {
        "bin_lower": 0.30000000000000004,
        "bin_upper": 0.4,
        "count": 16,
        "avg_confidence": 0.35277071595191956,
        "avg_accuracy": 0.75,
        "calibration_error": 0.39722928404808044
      },
      {
        "bin_lower": 0.4,
        "bin_upper": 0.5,
        "count": 12,
        "avg_confidence": 0.43852007389068604,
        "avg_accuracy": 0.0,
        "calibration_error": 0.43852007389068604
      },
      {
        "bin_lower": 0.5,
        "bin_upper": 0.6000000000000001,
        "count": 4,
        "avg_confidence": 0.5673843026161194,
        "avg_accuracy": 1.0,
        "calibration_error": 0.4326156973838806
      },
      {
        "bin_lower": 0.6000000000000001,
        "bin_upper": 0.7000000000000001,
        "count": 8,
        "avg_confidence": 0.6734139919281006,
        "avg_accuracy": 0.5,
        "calibration_error": 0.17341399192810059
      },
      {
        "bin_lower": 0.7000000000000001,
        "bin_upper": 0.8,
        "count": 0,
        "avg_confidence": null,
        "avg_accuracy": null,
        "calibration_error": null
      },
      {
        "bin_lower": 0.8,
        "bin_upper": 0.9,
        "count": 8,
        "avg_confidence": 0.8745514750480652,
        "avg_accuracy": 0.5,
        "calibration_error": 0.3745514750480652
      },
      {
        "bin_lower": 0.9,
        "bin_upper": 1.0,
        "count": 44,
        "avg_confidence": 0.9948300719261169,
        "avg_accuracy": 0.0,
        "calibration_error": 0.9948300719261169
      }
    ]
  },
  "student_ece": {
    "ece": 0.2587471719774785,
    "mce": 0.9881637692451477,
    "n_samples": 528,
    "overall_accuracy": 0.0,
    "overall_confidence": 0.2587471902370453,
    "bin_stats": [
      {
        "bin_lower": 0.0,
        "bin_upper": 0.1,
        "count": 332,
        "avg_confidence": 0.03226475045084953,
        "avg_accuracy": 0.0,
        "calibration_error": 0.03226475045084953
      },
      {
        "bin_lower": 0.1,
        "bin_upper": 0.2,
        "count": 36,
        "avg_confidence": 0.1509791612625122,
        "avg_accuracy": 0.0,
        "calibration_error": 0.1509791612625122
      },
      {
        "bin_lower": 0.2,
        "bin_upper": 0.30000000000000004,
        "count": 24,
        "avg_confidence": 0.22448082268238068,
        "avg_accuracy": 0.0,
        "calibration_error": 0.22448082268238068
      },
      {
        "bin_lower": 0.30000000000000004,
        "bin_upper": 0.4,
        "count": 12,
        "avg_confidence": 0.31510207056999207,
        "avg_accuracy": 0.0,
        "calibration_error": 0.31510207056999207
      },
      {
        "bin_lower": 0.4,
        "bin_upper": 0.5,
        "count": 12,
        "avg_confidence": 0.4521876275539398,
        "avg_accuracy": 0.0,
        "calibration_error": 0.4521876275539398
      },
      {
        "bin_lower": 0.5,
        "bin_upper": 0.6000000000000001,
        "count": 0,
        "avg_confidence": null,
        "avg_accuracy": null,
        "calibration_error": null
      },
      {
        "bin_lower": 0.6000000000000001,
        "bin_upper": 0.7000000000000001,
        "count": 8,
        "avg_confidence": 0.6541270017623901,
        "avg_accuracy": 0.0,
        "calibration_error": 0.6541270017623901
      },
      {
        "bin_lower": 0.7000000000000001,
        "bin_upper": 0.8,
        "count": 4,
        "avg_confidence": 0.7390149235725403,
        "avg_accuracy": 0.0,
        "calibration_error": 0.7390149235725403
      },
      {
        "bin_lower": 0.8,
        "bin_upper": 0.9,
        "count": 8,
        "avg_confidence": 0.8470251560211182,
        "avg_accuracy": 0.0,
        "calibration_error": 0.8470251560211182
      },
      {
        "bin_lower": 0.9,
        "bin_upper": 1.0,
        "count": 92,
        "avg_confidence": 0.9881637692451477,
        "avg_accuracy": 0.0,
        "calibration_error": 0.9881637692451477
      }
    ]
  }
}