{
  "teacher": {
    "model_path": "nferruz/ProtGPT2",
    "num_sequences": 50,
    "num_scored": 50,
    "plddt_scores": [
      31.71061897277832,
      51.521785736083984,
      80.02111053466797,
      53.33493423461914,
      87.94303894042969,
      48.93927001953125,
      36.8785514831543,
      30.441316604614258,
      32.22042465209961,
      23.703401565551758,
      39.865962982177734,
      39.45024871826172,
      61.28737258911133,
      41.93741226196289,
      45.948123931884766,
      44.66135787963867,
      78.74808502197266,
      32.95524215698242,
      78.05630493164062,
      28.786014556884766,
      57.15327072143555,
      56.0993766784668,
      50.68052291870117,
      41.62335205078125,
      80.97819519042969,
      40.49571228027344,
      52.66691970825195,
      72.93964385986328,
      63.712196350097656,
      58.61483383178711,
      32.61843490600586,
      55.04225158691406,
      47.04987335205078,
      78.5937271118164,
      37.26015090942383,
      53.98475646972656,
      56.45508575439453,
      42.040069580078125,
      58.78885269165039,
      30.999473571777344,
      41.41237258911133,
      35.18156814575195,
      82.8653793334961,
      60.57670593261719,
      52.40025329589844,
      27.758256912231445,
      57.16505813598633,
      69.12671661376953,
      51.104736328125,
      48.34955596923828
    ],
    "mean_plddt": 51.24295761108399,
    "std_plddt": 16.289490836022303,
    "median_plddt": 50.892629623413086,
    "min_plddt": 23.703401565551758,
    "max_plddt": 87.94303894042969,
    "pct_above_70": 0.16,
    "generation_time_s": 12.95070481300354,
    "avg_seq_length": 371.38
  },
  "synergy-tiny": {
    "model_path": "./models/synergy-tiny-v2",
    "num_sequences": 50,
    "num_scored": 50,
    "plddt_scores": [
      51.9666748046875,
      40.188194274902344,
      31.61140251159668,
      34.682281494140625,
      31.620567321777344,
      70.48368072509766,
      35.48369598388672,
      47.07564926147461,
      50.088172912597656,
      43.993289947509766,
      32.7243537902832,
      34.14755630493164,
      52.172969818115234,
      38.73463439941406,
      41.0775146484375,
      45.84690856933594,
      29.749881744384766,
      36.33328628540039,
      32.03181838989258,
      30.06940269470215,
      62.35365295410156,
      24.6699161529541,
      40.299041748046875,
      37.31245803833008,
      25.5251407623291,
      31.558137893676758,
      60.16598892211914,
      26.06287384033203,
      24.514577865600586,
      43.400306701660156,
      54.84126663208008,
      48.68174743652344,
      53.46223449707031,
      34.33863067626953,
      51.7104377746582,
      42.808040618896484,
      33.81143569946289,
      40.95899200439453,
      41.17819595336914,
      33.898311614990234,
      34.890602111816406,
      37.236812591552734,
      43.21846008300781,
      24.878705978393555,
      27.447843551635742,
      28.90181541442871,
      43.318634033203125,
      26.766061782836914,
      40.057228088378906,
      27.256940841674805
    ],
    "mean_plddt": 39.112128562927246,
    "std_plddt": 10.442137599642143,
    "median_plddt": 37.274635314941406,
    "min_plddt": 24.514577865600586,
    "max_plddt": 70.48368072509766,
    "pct_above_70": 0.02,
    "generation_time_s": 15.627812147140503,
    "avg_seq_length": 405.18
  },
  "synergy-small": {
    "model_path": "./models/synergy-small",
    "num_sequences": 50,
    "num_scored": 50,
    "plddt_scores": [
      67.23418426513672,
      56.95668029785156,
      26.07206153869629,
      43.43271255493164,
      50.27313995361328,
      32.426876068115234,
      33.63118362426758,
      29.558012008666992,
      46.913455963134766,
      35.83052444458008,
      47.22523498535156,
      55.80062484741211,
      45.49715805053711,
      35.952659606933594,
      36.47976303100586,
      44.18211364746094,
      39.26335525512695,
      32.03913879394531,
      35.4614143371582,
      49.54713439941406,
      39.83498001098633,
      28.745237350463867,
      41.147640228271484,
      45.40599060058594,
      46.32579803466797,
      44.43303298950195,
      35.715824127197266,
      50.20198059082031,
      38.556068420410156,
      55.31087875366211,
      52.70265579223633,
      36.03422927856445,
      29.52132797241211,
      50.4005126953125,
      41.41997146606445,
      42.39884567260742,
      31.007007598876953,
      35.47824478149414,
      34.121299743652344,
      44.71671676635742,
      38.215450286865234,
      28.553096771240234,
      32.89040756225586,
      29.39832305908203,
      50.89259338378906,
      39.155784606933594,
      28.753856658935547,
      37.30796432495117,
      32.076416015625,
      24.943227767944336
    ],
    "mean_plddt": 40.18885581970215,
    "std_plddt": 9.101022492556526,
    "median_plddt": 38.855926513671875,
    "min_plddt": 24.943227767944336,
    "max_plddt": 67.23418426513672,
    "pct_above_70": 0.0,
    "generation_time_s": 35.43643379211426,
    "avg_seq_length": 397.02
  },
  "synergy-medium": {
    "model_path": "./models/synergy-medium-v2",
    "num_sequences": 50,
    "num_scored": 50,
    "plddt_scores": [
      52.5694580078125,
      34.57954025268555,
      43.654624938964844,
      53.26985549926758,
      29.72161293029785,
      32.54896926879883,
      34.09274673461914,
      29.28253173828125,
      28.65242576599121,
      49.63797378540039,
      46.13650894165039,
      42.60645294189453,
      38.42383575439453,
      44.28919219970703,
      35.12482833862305,
      53.58302688598633,
      41.59397506713867,
      41.30107498168945,
      35.91005325317383,
      35.67924118041992,
      40.973175048828125,
      51.66643142700195,
      36.07734680175781,
      36.03158950805664,
      35.88760757446289,
      45.84286117553711,
      46.00450134277344,
      47.11906814575195,
      39.14474868774414,
      29.70811653137207,
      29.27724266052246,
      34.98362731933594,
      40.992576599121094,
      26.421585083007812,
      21.30184555053711,
      42.31821060180664,
      38.720584869384766,
      37.775787353515625,
      27.43594741821289,
      35.08780288696289,
      28.261810302734375,
      43.56089401245117,
      34.15658187866211,
      27.64570426940918,
      37.384605407714844,
      31.04770278930664,
      29.18262481689453,
      38.946205139160156,
      48.4876594543457,
      40.51513671875
    ],
    "mean_plddt": 38.09235019683838,
    "std_plddt": 7.664226071895456,
    "median_plddt": 37.580196380615234,
    "min_plddt": 21.30184555053711,
    "max_plddt": 53.58302688598633,
    "pct_above_70": 0.0,
    "generation_time_s": 75.9955415725708,
    "avg_seq_length": 391.42
  },
  "baseline-medium": {
    "model_path": "./models/baseline-medium",
    "num_sequences": 50,
    "num_scored": 50,